id,label
TRAIN_0001,unstable
TRAIN_0002,unstable
TRAIN_0003,unstable
TRAIN_0004,unstable
TRAIN_0005,stable
TRAIN_0006,unstable
TRAIN_0007,unstable
TRAIN_0008,unstable
TRAIN_0009,unstable
TRAIN_0010,stable
TRAIN_0011,unstable
TRAIN_0012,stable
TRAIN_0013,unstable
TRAIN_0014,unstable
TRAIN_0015,unstable
TRAIN_0016,unstable
TRAIN_0017,stable
TRAIN_0018,unstable
TRAIN_0019,unstable
TRAIN_0020,stable
TRAIN_0021,unstable
TRAIN_0022,stable
TRAIN_0023,stable
TRAIN_0024,stable
TRAIN_0025,stable
TRAIN_0026,stable
TRAIN_0027,stable
TRAIN_0028,unstable
TRAIN_0029,unstable
TRAIN_0030,unstable
TRAIN_0031,stable
TRAIN_0032,stable
TRAIN_0033,unstable
TRAIN_0034,unstable
TRAIN_0035,stable
TRAIN_0036,stable
TRAIN_0037,unstable
TRAIN_0038,unstable
TRAIN_0039,unstable
TRAIN_0040,stable
TRAIN_0041,stable
TRAIN_0042,stable
TRAIN_0043,stable
TRAIN_0044,unstable
TRAIN_0045,stable
TRAIN_0046,stable
TRAIN_0047,unstable
TRAIN_0048,stable
TRAIN_0049,stable
TRAIN_0050,unstable
TRAIN_0051,unstable
TRAIN_0052,unstable
TRAIN_0053,stable
TRAIN_0054,unstable
TRAIN_0055,stable
TRAIN_0056,stable
TRAIN_0057,unstable
TRAIN_0058,stable
TRAIN_0059,stable
TRAIN_0060,unstable
TRAIN_0061,stable
TRAIN_0062,stable
TRAIN_0063,stable
TRAIN_0064,stable
TRAIN_0065,unstable
TRAIN_0066,unstable
TRAIN_0067,unstable
TRAIN_0068,unstable
TRAIN_0069,stable
TRAIN_0070,unstable
TRAIN_0071,stable
TRAIN_0072,unstable
TRAIN_0073,unstable
TRAIN_0074,unstable
TRAIN_0075,stable
TRAIN_0076,stable
TRAIN_0077,unstable
TRAIN_0078,stable
TRAIN_0079,unstable
TRAIN_0080,stable
TRAIN_0081,unstable
TRAIN_0082,stable
TRAIN_0083,stable
TRAIN_0084,stable
TRAIN_0085,stable
TRAIN_0086,stable
TRAIN_0087,unstable
TRAIN_0088,unstable
TRAIN_0089,unstable
TRAIN_0090,stable
TRAIN_0091,stable
TRAIN_0092,stable
TRAIN_0093,unstable
TRAIN_0094,stable
TRAIN_0095,unstable
TRAIN_0096,stable
TRAIN_0097,unstable
TRAIN_0098,stable
TRAIN_0099,stable
TRAIN_0100,unstable
TRAIN_0101,unstable
TRAIN_0102,stable
TRAIN_0103,unstable
TRAIN_0104,stable
TRAIN_0105,unstable
TRAIN_0106,unstable
TRAIN_0107,unstable
TRAIN_0108,unstable
TRAIN_0109,stable
TRAIN_0110,unstable
TRAIN_0111,unstable
TRAIN_0112,unstable
TRAIN_0113,unstable
TRAIN_0114,unstable
TRAIN_0115,stable
TRAIN_0116,stable
TRAIN_0117,stable
TRAIN_0118,unstable
TRAIN_0119,unstable
TRAIN_0120,stable
TRAIN_0121,unstable
TRAIN_0122,stable
TRAIN_0123,unstable
TRAIN_0124,stable
TRAIN_0125,stable
TRAIN_0126,unstable
TRAIN_0127,unstable
TRAIN_0128,stable
TRAIN_0129,unstable
TRAIN_0130,unstable
TRAIN_0131,unstable
TRAIN_0132,unstable
TRAIN_0133,stable
TRAIN_0134,unstable
TRAIN_0135,unstable
TRAIN_0136,stable
TRAIN_0137,stable
TRAIN_0138,stable
TRAIN_0139,stable
TRAIN_0140,stable
TRAIN_0141,stable
TRAIN_0142,stable
TRAIN_0143,unstable
TRAIN_0144,stable
TRAIN_0145,unstable
TRAIN_0146,unstable
TRAIN_0147,unstable
TRAIN_0148,stable
TRAIN_0149,unstable
TRAIN_0150,stable
TRAIN_0151,unstable
TRAIN_0152,stable
TRAIN_0153,unstable
TRAIN_0154,stable
TRAIN_0155,unstable
TRAIN_0156,stable
TRAIN_0157,stable
TRAIN_0158,unstable
TRAIN_0159,stable
TRAIN_0160,unstable
TRAIN_0161,unstable
TRAIN_0162,unstable
TRAIN_0163,unstable
TRAIN_0164,unstable
TRAIN_0165,unstable
TRAIN_0166,unstable
TRAIN_0167,stable
TRAIN_0168,unstable
TRAIN_0169,stable
TRAIN_0170,stable
TRAIN_0171,stable
TRAIN_0172,stable
TRAIN_0173,stable
TRAIN_0174,unstable
TRAIN_0175,unstable
TRAIN_0176,stable
TRAIN_0177,stable
TRAIN_0178,stable
TRAIN_0179,unstable
TRAIN_0180,unstable
TRAIN_0181,stable
TRAIN_0182,unstable
TRAIN_0183,stable
TRAIN_0184,stable
TRAIN_0185,unstable
TRAIN_0186,stable
TRAIN_0187,stable
TRAIN_0188,stable
TRAIN_0189,unstable
TRAIN_0190,unstable
TRAIN_0191,unstable
TRAIN_0192,unstable
TRAIN_0193,unstable
TRAIN_0194,stable
TRAIN_0195,stable
TRAIN_0196,stable
TRAIN_0197,stable
TRAIN_0198,stable
TRAIN_0199,unstable
TRAIN_0200,stable
TRAIN_0201,stable
TRAIN_0202,unstable
TRAIN_0203,unstable
TRAIN_0204,unstable
TRAIN_0205,unstable
TRAIN_0206,unstable
TRAIN_0207,stable
TRAIN_0208,unstable
TRAIN_0209,stable
TRAIN_0210,unstable
TRAIN_0211,stable
TRAIN_0212,stable
TRAIN_0213,unstable
TRAIN_0214,unstable
TRAIN_0215,unstable
TRAIN_0216,stable
TRAIN_0217,unstable
TRAIN_0218,stable
TRAIN_0219,unstable
TRAIN_0220,unstable
TRAIN_0221,stable
TRAIN_0222,unstable
TRAIN_0223,unstable
TRAIN_0224,stable
TRAIN_0225,unstable
TRAIN_0226,stable
TRAIN_0227,unstable
TRAIN_0228,stable
TRAIN_0229,unstable
TRAIN_0230,unstable
TRAIN_0231,stable
TRAIN_0232,unstable
TRAIN_0233,unstable
TRAIN_0234,unstable
TRAIN_0235,stable
TRAIN_0236,stable
TRAIN_0237,stable
TRAIN_0238,unstable
TRAIN_0239,stable
TRAIN_0240,stable
TRAIN_0241,stable
TRAIN_0242,stable
TRAIN_0243,unstable
TRAIN_0244,unstable
TRAIN_0245,stable
TRAIN_0246,stable
TRAIN_0247,stable
TRAIN_0248,stable
TRAIN_0249,stable
TRAIN_0250,stable
TRAIN_0251,stable
TRAIN_0252,unstable
TRAIN_0253,unstable
TRAIN_0254,unstable
TRAIN_0255,stable
TRAIN_0256,stable
TRAIN_0257,unstable
TRAIN_0258,unstable
TRAIN_0259,unstable
TRAIN_0260,stable
TRAIN_0261,unstable
TRAIN_0262,stable
TRAIN_0263,stable
TRAIN_0264,stable
TRAIN_0265,stable
TRAIN_0266,unstable
TRAIN_0267,unstable
TRAIN_0268,stable
TRAIN_0269,unstable
TRAIN_0270,stable
TRAIN_0271,unstable
TRAIN_0272,stable
TRAIN_0273,unstable
TRAIN_0274,stable
TRAIN_0275,unstable
TRAIN_0276,stable
TRAIN_0277,stable
TRAIN_0278,unstable
TRAIN_0279,stable
TRAIN_0280,unstable
TRAIN_0281,unstable
TRAIN_0282,unstable
TRAIN_0283,stable
TRAIN_0284,stable
TRAIN_0285,stable
TRAIN_0286,unstable
TRAIN_0287,stable
TRAIN_0288,stable
TRAIN_0289,stable
TRAIN_0290,unstable
TRAIN_0291,unstable
TRAIN_0292,unstable
TRAIN_0293,unstable
TRAIN_0294,stable
TRAIN_0295,stable
TRAIN_0296,stable
TRAIN_0297,unstable
TRAIN_0298,stable
TRAIN_0299,stable
TRAIN_0300,stable
TRAIN_0301,stable
TRAIN_0302,stable
TRAIN_0303,unstable
TRAIN_0304,stable
TRAIN_0305,unstable
TRAIN_0306,unstable
TRAIN_0307,stable
TRAIN_0308,unstable
TRAIN_0309,unstable
TRAIN_0310,unstable
TRAIN_0311,unstable
TRAIN_0312,unstable
TRAIN_0313,unstable
TRAIN_0314,unstable
TRAIN_0315,stable
TRAIN_0316,stable
TRAIN_0317,stable
TRAIN_0318,stable
TRAIN_0319,unstable
TRAIN_0320,stable
TRAIN_0321,stable
TRAIN_0322,stable
TRAIN_0323,stable
TRAIN_0324,unstable
TRAIN_0325,unstable
TRAIN_0326,unstable
TRAIN_0327,stable
TRAIN_0328,stable
TRAIN_0329,unstable
TRAIN_0330,stable
TRAIN_0331,unstable
TRAIN_0332,stable
TRAIN_0333,unstable
TRAIN_0334,unstable
TRAIN_0335,stable
TRAIN_0336,stable
TRAIN_0337,unstable
TRAIN_0338,unstable
TRAIN_0339,unstable
TRAIN_0340,unstable
TRAIN_0341,unstable
TRAIN_0342,stable
TRAIN_0343,stable
TRAIN_0344,stable
TRAIN_0345,stable
TRAIN_0346,stable
TRAIN_0347,unstable
TRAIN_0348,unstable
TRAIN_0349,stable
TRAIN_0350,unstable
TRAIN_0351,stable
TRAIN_0352,stable
TRAIN_0353,unstable
TRAIN_0354,stable
TRAIN_0355,stable
TRAIN_0356,stable
TRAIN_0357,stable
TRAIN_0358,stable
TRAIN_0359,stable
TRAIN_0360,stable
TRAIN_0361,stable
TRAIN_0362,unstable
TRAIN_0363,stable
TRAIN_0364,stable
TRAIN_0365,stable
TRAIN_0366,stable
TRAIN_0367,unstable
TRAIN_0368,stable
TRAIN_0369,stable
TRAIN_0370,unstable
TRAIN_0371,stable
TRAIN_0372,unstable
TRAIN_0373,stable
TRAIN_0374,stable
TRAIN_0375,stable
TRAIN_0376,unstable
TRAIN_0377,stable
TRAIN_0378,stable
TRAIN_0379,unstable
TRAIN_0380,unstable
TRAIN_0381,stable
TRAIN_0382,stable
TRAIN_0383,unstable
TRAIN_0384,stable
TRAIN_0385,stable
TRAIN_0386,unstable
TRAIN_0387,unstable
TRAIN_0388,stable
TRAIN_0389,unstable
TRAIN_0390,unstable
TRAIN_0391,stable
TRAIN_0392,stable
TRAIN_0393,unstable
TRAIN_0394,stable
TRAIN_0395,unstable
TRAIN_0396,stable
TRAIN_0397,stable
TRAIN_0398,stable
TRAIN_0399,unstable
TRAIN_0400,unstable
TRAIN_0401,stable
TRAIN_0402,stable
TRAIN_0403,unstable
TRAIN_0404,stable
TRAIN_0405,unstable
TRAIN_0406,unstable
TRAIN_0407,unstable
TRAIN_0408,stable
TRAIN_0409,stable
TRAIN_0410,unstable
TRAIN_0411,unstable
TRAIN_0412,unstable
TRAIN_0413,unstable
TRAIN_0414,stable
TRAIN_0415,unstable
TRAIN_0416,unstable
TRAIN_0417,unstable
TRAIN_0418,unstable
TRAIN_0419,unstable
TRAIN_0420,stable
TRAIN_0421,stable
TRAIN_0422,unstable
TRAIN_0423,stable
TRAIN_0424,unstable
TRAIN_0425,stable
TRAIN_0426,stable
TRAIN_0427,stable
TRAIN_0428,stable
TRAIN_0429,unstable
TRAIN_0430,stable
TRAIN_0431,stable
TRAIN_0432,stable
TRAIN_0433,stable
TRAIN_0434,stable
TRAIN_0435,stable
TRAIN_0436,stable
TRAIN_0437,stable
TRAIN_0438,stable
TRAIN_0439,unstable
TRAIN_0440,unstable
TRAIN_0441,stable
TRAIN_0442,unstable
TRAIN_0443,unstable
TRAIN_0444,unstable
TRAIN_0445,unstable
TRAIN_0446,unstable
TRAIN_0447,unstable
TRAIN_0448,stable
TRAIN_0449,unstable
TRAIN_0450,unstable
TRAIN_0451,unstable
TRAIN_0452,unstable
TRAIN_0453,stable
TRAIN_0454,stable
TRAIN_0455,stable
TRAIN_0456,unstable
TRAIN_0457,unstable
TRAIN_0458,unstable
TRAIN_0459,stable
TRAIN_0460,stable
TRAIN_0461,stable
TRAIN_0462,stable
TRAIN_0463,unstable
TRAIN_0464,unstable
TRAIN_0465,stable
TRAIN_0466,stable
TRAIN_0467,stable
TRAIN_0468,stable
TRAIN_0469,stable
TRAIN_0470,stable
TRAIN_0471,stable
TRAIN_0472,stable
TRAIN_0473,unstable
TRAIN_0474,stable
TRAIN_0475,stable
TRAIN_0476,unstable
TRAIN_0477,unstable
TRAIN_0478,unstable
TRAIN_0479,unstable
TRAIN_0480,unstable
TRAIN_0481,unstable
TRAIN_0482,stable
TRAIN_0483,stable
TRAIN_0484,stable
TRAIN_0485,unstable
TRAIN_0486,stable
TRAIN_0487,stable
TRAIN_0488,stable
TRAIN_0489,stable
TRAIN_0490,stable
TRAIN_0491,unstable
TRAIN_0492,unstable
TRAIN_0493,unstable
TRAIN_0494,stable
TRAIN_0495,stable
TRAIN_0496,stable
TRAIN_0497,stable
TRAIN_0498,stable
TRAIN_0499,unstable
TRAIN_0500,unstable
TRAIN_0501,unstable
TRAIN_0502,stable
TRAIN_0503,stable
TRAIN_0504,unstable
TRAIN_0505,unstable
TRAIN_0506,unstable
TRAIN_0507,unstable
TRAIN_0508,stable
TRAIN_0509,unstable
TRAIN_0510,unstable
TRAIN_0511,stable
TRAIN_0512,unstable
TRAIN_0513,stable
TRAIN_0514,stable
TRAIN_0515,stable
TRAIN_0516,unstable
TRAIN_0517,stable
TRAIN_0518,stable
TRAIN_0519,unstable
TRAIN_0520,stable
TRAIN_0521,stable
TRAIN_0522,unstable
TRAIN_0523,unstable
TRAIN_0524,stable
TRAIN_0525,stable
TRAIN_0526,stable
TRAIN_0527,unstable
TRAIN_0528,stable
TRAIN_0529,unstable
TRAIN_0530,stable
TRAIN_0531,unstable
TRAIN_0532,stable
TRAIN_0533,unstable
TRAIN_0534,stable
TRAIN_0535,unstable
TRAIN_0536,stable
TRAIN_0537,stable
TRAIN_0538,stable
TRAIN_0539,unstable
TRAIN_0540,stable
TRAIN_0541,stable
TRAIN_0542,stable
TRAIN_0543,stable
TRAIN_0544,unstable
TRAIN_0545,stable
TRAIN_0546,unstable
TRAIN_0547,unstable
TRAIN_0548,unstable
TRAIN_0549,unstable
TRAIN_0550,stable
TRAIN_0551,stable
TRAIN_0552,stable
TRAIN_0553,unstable
TRAIN_0554,stable
TRAIN_0555,unstable
TRAIN_0556,unstable
TRAIN_0557,stable
TRAIN_0558,stable
TRAIN_0559,stable
TRAIN_0560,stable
TRAIN_0561,stable
TRAIN_0562,unstable
TRAIN_0563,unstable
TRAIN_0564,unstable
TRAIN_0565,stable
TRAIN_0566,stable
TRAIN_0567,unstable
TRAIN_0568,stable
TRAIN_0569,stable
TRAIN_0570,unstable
TRAIN_0571,stable
TRAIN_0572,stable
TRAIN_0573,unstable
TRAIN_0574,stable
TRAIN_0575,stable
TRAIN_0576,unstable
TRAIN_0577,stable
TRAIN_0578,stable
TRAIN_0579,stable
TRAIN_0580,unstable
TRAIN_0581,stable
TRAIN_0582,stable
TRAIN_0583,unstable
TRAIN_0584,unstable
TRAIN_0585,unstable
TRAIN_0586,stable
TRAIN_0587,unstable
TRAIN_0588,unstable
TRAIN_0589,stable
TRAIN_0590,stable
TRAIN_0591,stable
TRAIN_0592,unstable
TRAIN_0593,unstable
TRAIN_0594,unstable
TRAIN_0595,unstable
TRAIN_0596,stable
TRAIN_0597,stable
TRAIN_0598,unstable
TRAIN_0599,unstable
TRAIN_0600,unstable
TRAIN_0601,stable
TRAIN_0602,stable
TRAIN_0603,stable
TRAIN_0604,stable
TRAIN_0605,unstable
TRAIN_0606,unstable
TRAIN_0607,stable
TRAIN_0608,stable
TRAIN_0609,unstable
TRAIN_0610,unstable
TRAIN_0611,stable
TRAIN_0612,stable
TRAIN_0613,unstable
TRAIN_0614,unstable
TRAIN_0615,unstable
TRAIN_0616,unstable
TRAIN_0617,unstable
TRAIN_0618,unstable
TRAIN_0619,unstable
TRAIN_0620,stable
TRAIN_0621,unstable
TRAIN_0622,stable
TRAIN_0623,unstable
TRAIN_0624,stable
TRAIN_0625,stable
TRAIN_0626,unstable
TRAIN_0627,stable
TRAIN_0628,unstable
TRAIN_0629,unstable
TRAIN_0630,stable
TRAIN_0631,unstable
TRAIN_0632,stable
TRAIN_0633,stable
TRAIN_0634,unstable
TRAIN_0635,unstable
TRAIN_0636,stable
TRAIN_0637,stable
TRAIN_0638,unstable
TRAIN_0639,stable
TRAIN_0640,unstable
TRAIN_0641,stable
TRAIN_0642,stable
TRAIN_0643,stable
TRAIN_0644,unstable
TRAIN_0645,stable
TRAIN_0646,stable
TRAIN_0647,unstable
TRAIN_0648,unstable
TRAIN_0649,unstable
TRAIN_0650,unstable
TRAIN_0651,stable
TRAIN_0652,unstable
TRAIN_0653,unstable
TRAIN_0654,unstable
TRAIN_0655,unstable
TRAIN_0656,unstable
TRAIN_0657,unstable
TRAIN_0658,unstable
TRAIN_0659,stable
TRAIN_0660,unstable
TRAIN_0661,stable
TRAIN_0662,unstable
TRAIN_0663,unstable
TRAIN_0664,unstable
TRAIN_0665,stable
TRAIN_0666,stable
TRAIN_0667,unstable
TRAIN_0668,stable
TRAIN_0669,stable
TRAIN_0670,stable
TRAIN_0671,unstable
TRAIN_0672,unstable
TRAIN_0673,unstable
TRAIN_0674,unstable
TRAIN_0675,stable
TRAIN_0676,stable
TRAIN_0677,stable
TRAIN_0678,stable
TRAIN_0679,unstable
TRAIN_0680,stable
TRAIN_0681,unstable
TRAIN_0682,unstable
TRAIN_0683,unstable
TRAIN_0684,stable
TRAIN_0685,unstable
TRAIN_0686,stable
TRAIN_0687,stable
TRAIN_0688,unstable
TRAIN_0689,stable
TRAIN_0690,stable
TRAIN_0691,unstable
TRAIN_0692,unstable
TRAIN_0693,unstable
TRAIN_0694,unstable
TRAIN_0695,unstable
TRAIN_0696,stable
TRAIN_0697,unstable
TRAIN_0698,stable
TRAIN_0699,stable
TRAIN_0700,stable
TRAIN_0701,unstable
TRAIN_0702,unstable
TRAIN_0703,unstable
TRAIN_0704,unstable
TRAIN_0705,unstable
TRAIN_0706,stable
TRAIN_0707,stable
TRAIN_0708,stable
TRAIN_0709,unstable
TRAIN_0710,unstable
TRAIN_0711,unstable
TRAIN_0712,unstable
TRAIN_0713,stable
TRAIN_0714,stable
TRAIN_0715,stable
TRAIN_0716,stable
TRAIN_0717,stable
TRAIN_0718,unstable
TRAIN_0719,unstable
TRAIN_0720,stable
TRAIN_0721,unstable
TRAIN_0722,stable
TRAIN_0723,unstable
TRAIN_0724,stable
TRAIN_0725,stable
TRAIN_0726,stable
TRAIN_0727,stable
TRAIN_0728,stable
TRAIN_0729,stable
TRAIN_0730,stable
TRAIN_0731,stable
TRAIN_0732,stable
TRAIN_0733,unstable
TRAIN_0734,unstable
TRAIN_0735,unstable
TRAIN_0736,unstable
TRAIN_0737,unstable
TRAIN_0738,stable
TRAIN_0739,unstable
TRAIN_0740,stable
TRAIN_0741,unstable
TRAIN_0742,unstable
TRAIN_0743,unstable
TRAIN_0744,unstable
TRAIN_0745,stable
TRAIN_0746,unstable
TRAIN_0747,unstable
TRAIN_0748,unstable
TRAIN_0749,unstable
TRAIN_0750,unstable
TRAIN_0751,unstable
TRAIN_0752,unstable
TRAIN_0753,unstable
TRAIN_0754,stable
TRAIN_0755,unstable
TRAIN_0756,stable
TRAIN_0757,stable
TRAIN_0758,unstable
TRAIN_0759,stable
TRAIN_0760,unstable
TRAIN_0761,stable
TRAIN_0762,unstable
TRAIN_0763,stable
TRAIN_0764,unstable
TRAIN_0765,unstable
TRAIN_0766,unstable
TRAIN_0767,stable
TRAIN_0768,unstable
TRAIN_0769,unstable
TRAIN_0770,stable
TRAIN_0771,unstable
TRAIN_0772,unstable
TRAIN_0773,stable
TRAIN_0774,unstable
TRAIN_0775,stable
TRAIN_0776,unstable
TRAIN_0777,unstable
TRAIN_0778,stable
TRAIN_0779,stable
TRAIN_0780,unstable
TRAIN_0781,unstable
TRAIN_0782,unstable
TRAIN_0783,stable
TRAIN_0784,stable
TRAIN_0785,stable
TRAIN_0786,stable
TRAIN_0787,unstable
TRAIN_0788,unstable
TRAIN_0789,stable
TRAIN_0790,stable
TRAIN_0791,unstable
TRAIN_0792,unstable
TRAIN_0793,unstable
TRAIN_0794,unstable
TRAIN_0795,unstable
TRAIN_0796,unstable
TRAIN_0797,unstable
TRAIN_0798,unstable
TRAIN_0799,unstable
TRAIN_0800,unstable
TRAIN_0801,stable
TRAIN_0802,unstable
TRAIN_0803,unstable
TRAIN_0804,unstable
TRAIN_0805,stable
TRAIN_0806,stable
TRAIN_0807,unstable
TRAIN_0808,stable
TRAIN_0809,unstable
TRAIN_0810,stable
TRAIN_0811,unstable
TRAIN_0812,stable
TRAIN_0813,unstable
TRAIN_0814,unstable
TRAIN_0815,unstable
TRAIN_0816,unstable
TRAIN_0817,unstable
TRAIN_0818,unstable
TRAIN_0819,stable
TRAIN_0820,unstable
TRAIN_0821,stable
TRAIN_0822,unstable
TRAIN_0823,unstable
TRAIN_0824,unstable
TRAIN_0825,stable
TRAIN_0826,unstable
TRAIN_0827,unstable
TRAIN_0828,stable
TRAIN_0829,stable
TRAIN_0830,unstable
TRAIN_0831,stable
TRAIN_0832,unstable
TRAIN_0833,unstable
TRAIN_0834,stable
TRAIN_0835,stable
TRAIN_0836,unstable
TRAIN_0837,unstable
TRAIN_0838,unstable
TRAIN_0839,unstable
TRAIN_0840,unstable
TRAIN_0841,unstable
TRAIN_0842,unstable
TRAIN_0843,unstable
TRAIN_0844,stable
TRAIN_0845,unstable
TRAIN_0846,unstable
TRAIN_0847,unstable
TRAIN_0848,stable
TRAIN_0849,unstable
TRAIN_0850,stable
TRAIN_0851,stable
TRAIN_0852,unstable
TRAIN_0853,unstable
TRAIN_0854,stable
TRAIN_0855,stable
TRAIN_0856,stable
TRAIN_0857,unstable
TRAIN_0858,stable
TRAIN_0859,stable
TRAIN_0860,unstable
TRAIN_0861,stable
TRAIN_0862,stable
TRAIN_0863,stable
TRAIN_0864,unstable
TRAIN_0865,stable
TRAIN_0866,unstable
TRAIN_0867,unstable
TRAIN_0868,stable
TRAIN_0869,stable
TRAIN_0870,stable
TRAIN_0871,unstable
TRAIN_0872,stable
TRAIN_0873,unstable
TRAIN_0874,unstable
TRAIN_0875,unstable
TRAIN_0876,unstable
TRAIN_0877,stable
TRAIN_0878,unstable
TRAIN_0879,stable
TRAIN_0880,stable
TRAIN_0881,stable
TRAIN_0882,unstable
TRAIN_0883,stable
TRAIN_0884,stable
TRAIN_0885,unstable
TRAIN_0886,stable
TRAIN_0887,unstable
TRAIN_0888,stable
TRAIN_0889,unstable
TRAIN_0890,stable
TRAIN_0891,unstable
TRAIN_0892,unstable
TRAIN_0893,unstable
TRAIN_0894,stable
TRAIN_0895,unstable
TRAIN_0896,stable
TRAIN_0897,unstable
TRAIN_0898,stable
TRAIN_0899,stable
TRAIN_0900,unstable
TRAIN_0901,unstable
TRAIN_0902,unstable
TRAIN_0903,stable
TRAIN_0904,stable
TRAIN_0905,stable
TRAIN_0906,unstable
TRAIN_0907,unstable
TRAIN_0908,stable
TRAIN_0909,unstable
TRAIN_0910,stable
TRAIN_0911,unstable
TRAIN_0912,unstable
TRAIN_0913,stable
TRAIN_0914,unstable
TRAIN_0915,stable
TRAIN_0916,stable
TRAIN_0917,unstable
TRAIN_0918,unstable
TRAIN_0919,unstable
TRAIN_0920,stable
TRAIN_0921,stable
TRAIN_0922,stable
TRAIN_0923,unstable
TRAIN_0924,unstable
TRAIN_0925,stable
TRAIN_0926,stable
TRAIN_0927,stable
TRAIN_0928,stable
TRAIN_0929,stable
TRAIN_0930,unstable
TRAIN_0931,unstable
TRAIN_0932,stable
TRAIN_0933,unstable
TRAIN_0934,stable
TRAIN_0935,stable
TRAIN_0936,stable
TRAIN_0937,unstable
TRAIN_0938,stable
TRAIN_0939,stable
TRAIN_0940,stable
TRAIN_0941,unstable
TRAIN_0942,unstable
TRAIN_0943,unstable
TRAIN_0944,unstable
TRAIN_0945,unstable
TRAIN_0946,unstable
TRAIN_0947,stable
TRAIN_0948,unstable
TRAIN_0949,stable
TRAIN_0950,unstable
TRAIN_0951,unstable
TRAIN_0952,unstable
TRAIN_0953,unstable
TRAIN_0954,stable
TRAIN_0955,unstable
TRAIN_0956,unstable
TRAIN_0957,stable
TRAIN_0958,unstable
TRAIN_0959,unstable
TRAIN_0960,stable
TRAIN_0961,stable
TRAIN_0962,unstable
TRAIN_0963,unstable
TRAIN_0964,unstable
TRAIN_0965,stable
TRAIN_0966,stable
TRAIN_0967,stable
TRAIN_0968,stable
TRAIN_0969,stable
TRAIN_0970,stable
TRAIN_0971,unstable
TRAIN_0972,stable
TRAIN_0973,stable
TRAIN_0974,unstable
TRAIN_0975,stable
TRAIN_0976,unstable
TRAIN_0977,stable
TRAIN_0978,unstable
TRAIN_0979,stable
TRAIN_0980,unstable
TRAIN_0981,stable
TRAIN_0982,unstable
TRAIN_0983,unstable
TRAIN_0984,stable
TRAIN_0985,stable
TRAIN_0986,stable
TRAIN_0987,stable
TRAIN_0988,stable
TRAIN_0989,stable
TRAIN_0990,stable
TRAIN_0991,stable
TRAIN_0992,unstable
TRAIN_0993,stable
TRAIN_0994,unstable
TRAIN_0995,stable
TRAIN_0996,stable
TRAIN_0997,stable
TRAIN_0998,unstable
TRAIN_0999,stable
TRAIN_1000,stable
